{
  "train_loss": [
    0.951882541179657,
    0.6116815805435181,
    0.4764314293861389,
    0.41515055298805237,
    0.34533753991127014,
    0.3119519352912903,
    0.2756531834602356,
    0.2677813470363617,
    0.2524087727069855,
    0.23299401998519897,
    0.23437954485416412,
    0.23038777709007263,
    0.21918396651744843,
    0.198393315076828,
    0.2012932151556015,
    0.19232331216335297,
    0.18710535764694214,
    0.19345514476299286,
    0.18952186405658722,
    0.15814916789531708,
    0.13904091715812683,
    0.13468952476978302,
    0.12439290434122086,
    0.11967656016349792,
    0.11792229861021042,
    0.11503010243177414,
    0.11554494500160217,
    0.1137574315071106,
    0.11169810593128204,
    0.09481163322925568,
    0.0881340280175209,
    0.08831104636192322,
    0.08248123526573181,
    0.07931635528802872,
    0.077906534075737,
    0.07655244320631027,
    0.0733988955616951,
    0.07301198691129684,
    0.07230502367019653,
    0.07390283048152924,
    0.07521339505910873,
    0.06758791208267212,
    0.06964538246393204,
    0.06956800818443298,
    0.06628993153572083,
    0.06086437776684761
  ],
  "train_accuracy": [
    0.9053884744644165,
    0.9564188122749329,
    0.9626845121383667,
    0.959621250629425,
    0.9642857313156128,
    0.9640768766403198,
    0.9681843519210815,
    0.9668616056442261,
    0.9688805341720581,
    0.9723614454269409,
    0.9679754972457886,
    0.9665135145187378,
    0.9698551893234253,
    0.9735449552536011,
    0.9711083173751831,
    0.9736841917037964,
    0.973962664604187,
    0.9728487730026245,
    0.9722222089767456,
    0.9801587462425232,
    0.9825953841209412,
    0.9815511107444763,
    0.9840573668479919,
    0.9840573668479919,
    0.9839877486228943,
    0.9835004210472107,
    0.9830827116966248,
    0.983430802822113,
    0.9828042387962341,
    0.988095223903656,
    0.9883736968040466,
    0.9879559874534607,
    0.9894875884056091,
    0.9891394972801208,
    0.9891394972801208,
    0.9894179701805115,
    0.9898356795310974,
    0.9898356795310974,
    0.9894179701805115,
    0.9894179701805115,
    0.9887914061546326,
    0.9901837706565857,
    0.9890698790550232,
    0.9899052977561951,
    0.9919242262840271,
    0.9922723770141602
  ],
  "val_loss": [
    0.9596954584121704,
    0.5423561930656433,
    0.4750494956970215,
    0.4335901737213135,
    0.31301048398017883,
    0.29981088638305664,
    0.2753898799419403,
    0.2820224463939667,
    0.2762514352798462,
    0.2643110156059265,
    0.25458312034606934,
    0.2763935923576355,
    0.22528928518295288,
    0.1909613162279129,
    0.2555274963378906,
    0.24056586623191833,
    0.20567002892494202,
    0.20814284682273865,
    0.19171005487442017,
    0.17913615703582764,
    0.16968047618865967,
    0.1565994769334793,
    0.15321968495845795,
    0.14534704387187958,
    0.15454143285751343,
    0.16023468971252441,
    0.15151138603687286,
    0.1548161804676056,
    0.1473517268896103,
    0.13175880908966064,
    0.13301055133342743,
    0.1387757956981659,
    0.13160336017608643,
    0.12852109968662262,
    0.12573854625225067,
    0.1285221129655838,
    0.12734049558639526,
    0.13296416401863098,
    0.127274289727211,
    0.11972645670175552,
    0.12677505612373352,
    0.1227022111415863,
    0.13313937187194824,
    0.12351273745298386,
    0.12073606252670288,
    0.11779159307479858
  ],
  "val_accuracy": [
    0.866796612739563,
    0.9584145545959473,
    0.9525666236877441,
    0.943469762802124,
    0.971734881401062,
    0.9723846912384033,
    0.9701104760169983,
    0.9662118554115295,
    0.9639376401901245,
    0.9662118554115295,
    0.9704353213310242,
    0.95289146900177,
    0.971734881401062,
    0.9779077172279358,
    0.955165684223175,
    0.9665367007255554,
    0.9727095365524292,
    0.9730344414710999,
    0.9746588468551636,
    0.9772579669952393,
    0.9798570275306702,
    0.9814814925193787,
    0.9805068373680115,
    0.9827810525894165,
    0.981156587600708,
    0.9762833118438721,
    0.978882372379303,
    0.9798570275306702,
    0.9805068373680115,
    0.9844054579734802,
    0.9847303628921509,
    0.9824561476707458,
    0.983430802822113,
    0.9814814925193787,
    0.9837557077407837,
    0.9818063974380493,
    0.9840805530548096,
    0.9824561476707458,
    0.9814814925193787,
    0.9847303628921509,
    0.9837557077407837,
    0.9847303628921509,
    0.9844054579734802,
    0.9827810525894165,
    0.9831058979034424,
    0.9844054579734802
  ],
  "test_loss": 0.13521532714366913,
  "test_accuracy": 0.9844105243682861,
  "epochs_trained": 46
}